cafekey,driveopen,driveclose,lobbyopen,lobbyclose,name,location
1,05:00:00,23:00:00,7:00:00,21:00:00,1st Street,"37.33427722910417, -120.46021752245883"
2,05:00:00,23:00:00,7:00:00,21:00:00,Trish & Holland,"37.32455972074082, -120.48573345160051"
3,05:00:00,23:00:00,7:00:00,21:00:00,McDougal ,"37.300847999590815, -120.48143603207475"
4,05:00:00,23:00:00,7:00:00,21:00:00,Priscilla,"37.3053345742183, -120.49271675841354"
5,05:00:00,23:00:00,7:00:00,21:00:00,Airline Hwy,"37.290378283589895, -120.45417427601869"